{"4": [-0.577350269072, 0.577350269072, -0.577350269072, 0.577350269072, 0.577350269072, 0.577350269072, -0.577350269072, -0.577350269072, 0.577350269072, 0.577350269072, -0.577350269072, -0.577350269072], "5": [-0.14782559370880183, 0.8557801392177641, 0.495770054728061, 0.9298520676823501, -0.3330452755499896, -0.15638406779685032, -0.7820264758448114, -0.5227348665222011, -0.33938599028209954, -0.036123069457864206, -0.5056147808319168, 0.8620027942282061, 0.036123069583033664, 0.505614780103487, -0.8620027946502272], "6": [0.21254825592, -0.977150570601, 0.0, -0.977150570601, -0.21254825592, 0.0, -0.21254825592, 0.977150570601, 0.0, 0.977150570601, 0.21254825592, 0.0, 0.0, 0.0, 1.0, 0.0, 0.0, -1.0], "7": [-0.9476914051796328, -0.20521795145581753, 0.24447206987492645, 0.8503710682661693, 0.48308483448290185, 0.20856195470047173, -0.4995609516538522, 0.3276811928816585, -0.8019126457503652, -0.3344875986220292, 0.8899589445240679, 0.30998568262046483, 0.024203814844953528, -0.9924430055046316, 0.12029570304830071, 0.054264857043353605, -0.0898731418084047, 0.9944738024058507, 0.594868408849834, -0.2881863468134767, -0.750386704081815], "8": [-0.7941044876934106, 0.3289288487526511, 0.5110810846464987, 0.3289288487526511, -0.7941044876934106, -0.5110810846464987, 0.7941044876934106, 0.3289288487526511, -0.5110810846464987, -0.3289288487526511, -0.7941044876934106, 0.5110810846464987, -0.7941044876934106, -0.3289288487526511, -0.5110810846464987, 0.3289288487526511, 0.7941044876934106, 0.5110810846464987, 0.7941044876934106, -0.3289288487526511, 0.5110810846464987, -0.3289288487526511, 0.7941044876934106, -0.5110810846464987], "9": [-0.8643506667047618, 0.05383237842631425, -0.5, -0.529902243419076, 0.7798028605204248, 0.3333333333820567, -0.6225653123557293, -0.7080263559415142, 0.3333333333820567, -0.046331534468326725, -0.7439146082309696, -0.6666666667641135, -1.814158190933165e-20, -3.7360157321926687e-20, 1.0, 0.8643506667047618, -0.05383237842631425, -0.5, 0.529902243419076, -0.7798028605204248, 0.3333333333820567, 0.6225653123557293, 0.7080263559415142, 0.3333333333820567, 0.046331534468326725, 0.7439146082309696, -0.6666666667641135], "10": [0.12720172159427703, -0.8282613625701687, -0.545713145614855, 0.12720172159427703, 0.8282613625701687, 0.545713145614855, -0.7924432042767676, -0.609945709055789, -2.7415854118496826e-20, 0.8379720535542102, -1.9477882765962007e-27, -0.54571314576629, 0.12720172159427703, -0.8282613625701687, 0.545713145614855, 0.8379720535542102, 1.0581319783325461e-19, 0.54571314576629, -0.5103133233369203, -3.3731109091062166e-19, -0.8599885534266303, -0.7924432042767676, 0.609945709055789, -6.234852139790439e-20, 0.12720172159427703, 0.8282613625701687, -0.545713145614855, -0.5103133233369203, 1.0580527893474727e-19, 0.8599885534266303]}